Art and graphic design,Member of the Canadian Cinema Editors,CCE
Art and graphic design,Member of the Canadian Society of Cinematographers,CSC
Art and graphic design,Member of the Casting Directors Society of Canada,CDC
Art and graphic design,Certified Member of the Society of Graphic Designers of Canada,CGD
Art and graphic design,Certified Member of the Association of Registered Graphic Designers,RGD
Dispute resolution,Chartered Mediator,C.Med
Dispute resolution,Qualified Mediator,Q.Med
Dispute resolution,Chartered Arbitrator,C.Arb
Dispute resolution,Qualified Arbitrator,Q.Arb
Engineering,Certified Engineering Technologist,C.E.T.
Engineering,Engineer-in-Training/Engineering Intern,EIT
Engineering,Professional Engineer,P.Eng.
Engineering,Structural Engineer,StrucEng
Engineering,Certified Technician,CTech
Engineering,Certified Engineering Technologist,CET
Engineering,"Professional Technologist, Engineering",P.Tech.(Eng.)
Engineering,Certified Biomedical Engineering Technologist/Technician,CBET(c)
Finance,Certified General Accountant,CGA
Finance,Certified Credit Professional,CCP
Finance,Chartered Insolvency and Restructuring Professional,CIRP
Finance,Chartered Financial Analyst,CFA
Finance,Chartered Investment Manager,CIM
Finance,Certified Management Accountant,CMA
Finance,Chartered Accountant,CA
Finance,Chartered Professional Accountant,CPA
Finance,Certified Payroll Manager,CPM
Finance,Payroll Compliance Practitioner,PCP
Finance,(Fellow) Chartered Insurance Professional,(F)CIP
Finance,Canadian Risk Management,CRM
Finance,Certified Internal Auditor,CIA
Land surveying,Alberta Land Surveyor,ALS
Land surveying,British Columbia Land Surveyor,BCLS
Land surveying,Canada Lands Surveyor,CLS
Land surveying,Manitoba Land Surveyor,MLS
Land surveying,Ontario Land Surveyor,OLS
Land surveying,Saskatchewan Land Surveyor,SLS
Medical,Canadian Certified Physician Executive,CCPE
Medical,Certified Health Executive,CHE
Medical,Public Health Nurse,PHN
Medical,Registered Midwife,RM
Medical,Registered Nurse,RN
Medical,Registered Optician,RO
Medical,Registered Respiratory Therapist,RRT
Medical,Canadian Certified Physician Assistant,CCPA
Medical,Registered Polysomnographic Technologist,RPSGT
Medical,Nurse Practitioner,NP
Medical,Licensed Practical Nurse,LPN
Medical,Registered Psychiatric Nurse Registered Practical Nurse,RPN
Medical,Registered Pharmacist,RPH
Medical,[1],R.Kin
Medical,Certified Biomedical Engineering Technologist/Technician,CBET(c)
Medical,Certified Dialysis Technologist/Technician,cdt
Medical,Registered Dental Technician,RDT
Medical,Denturism Degree,DD
Science,Chartered Chemist,C.Chem
Science,Professional Geoscientist,PGeo
Science,Professional Geologist,PGeol
Science,Professional Geophysicist,PGeoph
Science,Professional Physicist,PPhys
Science,Registered Professional Biologist,RPBio
"Business, project management, and logistics",Companion of the Canadian Business Hall of Fame,CBHF
"Business, project management, and logistics",Officer of the Canadian Business Hall of Fame,OBHF
"Business, project management, and logistics",Certified Association Executive,CAE
"Business, project management, and logistics",Certified Human Resources Professional,CHRP
"Business, project management, and logistics",Chartered Director,C.Dir
"Business, project management, and logistics",Chartered Manager,C. Mgr.
"Business, project management, and logistics",CITT-Certified Logistics Professional,CCLP
"Business, project management, and logistics","Institute of Corporate Directors, Director",ICD.D
"Business, project management, and logistics",Project Management Professional,PMP
"Business, project management, and logistics",Professional Logistician,PLog
"Business, project management, and logistics",Certified Associate in Project Management,CAPM
"Business, project management, and logistics",Professional Registered Parliamentarian,PRP
"Business, project management, and logistics",Registered Parliamentarian,RP
Health and safety,Canadian Registered Safety Professional,CRSP
Health and safety,Canadian Registered Safety Technician,CRST
Health and safety,Certificate in Public Health Inspection (Canada),CPHI(C)
Health and safety,Certification in Infection Control,CIC
Other,Applied Science Technologist,A.Sc.T.
Other,Certified Customs Specialist,CCS
Other,Certified Travel Councillor,CTC
Other,Certified Travel Manager,CTM
Other,Environmental Professional,EP
Other,Geographic Information Systems (GIS) Professional,GISP
Other,Information Systems Professional,ISP
Other,Certified Family Enterprise Advisor and Member of the Institute of Family Enterprise Advisors,FEA
Other,Professional Technologist,P.Tech
Other,Gold Seal Certification,GSC
Other,Gold Seal Certification - Intern,GSI
Other,Medical Laboratory Technologist,MLT
Other,Registered Dietitian,RD
Other,Red Seal Endorsement,RSE
Other,Registered Massage Therapist,RMT
Other,Forester (Registered Professional Forester),RPF
Other,Registered Professional Planner,RPP
Other,Ontario Certified Teacher,OCT
Other,Maintenance Management Professional,MMP
Other,Ontario Certified English Language Teacher,OCELT
Accounting and finance,Certificate in Investment Performance Measurement,CIPM
Accounting and finance,Chartered Financial Analyst,CFA
Accounting and finance,Chartered Business Valuator,CBV
Accounting and finance,Chartered Market Technician,CMT
Accounting and finance,Chartered Alternative Investment Analyst,CAIA
Accounting and finance,Chartered Management Consultant,ChMC
Accounting and finance,Chartered Global Management Accountant,CGMA
Accounting and finance,Certified Accounts Payable Associate,CAPA
Accounting and finance,Certified Accounts Payable Professional,CAPP
Accounting and finance,Certified Public Accountant,CPA
Accounting and finance,Certified Financial Planner,CFP
Accounting and finance,Certified Divorce Financial Analyst,CDFA
Accounting and finance,Certified Anti-Money Laundering Specialist,CAMS
Accounting and finance,Certified Financial Consultant,CFC
Accounting and finance,Certified Credit Union Financial Counselor,CCUFC
Accounting and finance,Chartered Life Underwriter,CLU
Accounting and finance,Certified Fraud Examiner,CFE
Accounting and finance,Certified Internal Auditor,CIA
Accounting and finance,Certification in Risk Management Assurance,CRMA
Accounting and finance,Certified Government Auditing Professional,CGAP
Accounting and finance,Certified Payroll Professional,CPP
Accounting and finance,Fundamental Payroll Certification,FPC
Accounting and finance,Certified California Municipal Treasurer,CCMT
Accounting and finance,Certified Government Financial Manager,CGFM
Accounting and finance,Certified Government Finance Officer,CGFO
Accounting and finance,Certified Management Accountant,CMA
Accounting and finance,Certified Municipal Finance Officer,CMFO
Accounting and finance,Certified Public Finance Administrator,CPFA
Accounting and finance,Certified Public Finance Officer,CPFO
Accounting and finance,Chartered Property Casualty Underwriter,CPCU
Accounting and finance,Certified Defense Financial Manager,CDFM
Accounting and finance,Communication Management Professional,CMP
Accounting and finance,Registered Tax Return Preparer,RTRP
Accounting and finance,Enrolled Agent,EA
Accounting and finance,Financial Modeling and Valuation Analyst,FMVA
Accounting and finance,Fraternal Insurance Counselor Fellow,FICF
Accounting and finance,Fraternal Insurance Counselor,FIC
Accounting and finance,Certified Corporate FP&A Professional,FP&A
Accounting and finance,ISSP Sustainability,
Accounting and finance,Certified Treasury Professional,CTP
Accounting and finance,Certified Trust and Financial Advisor,CTFA
Accounting and finance,Certified Turnaround Professional,CTP
Accounting and finance,Registered Financial Planner,RFP
Accounting and finance,Financial Risk Manager,FRM
Accounting and finance,Professional Risk Manager,PRM
Accounting and finance,Strategic Communication Management Professional,SCMP
Accounting and finance,Licensed Public Accountant,LPA
Accounting and finance,Accredited Business Accountant/Advisor,ABA
Accounting and finance,Investment Adviser Certified Compliance Professional,IACCP
Actuarial,Associate of the Society of Actuaries,ASA
Actuarial,Fellow of the Society of Actuaries,FSA
Actuarial,Chartered Enterprise Risk Analyst,CERA
Actuarial,Associate of the Casualty Actuarial Society,ACAS
Actuarial,Fellow of the Casualty Actuarial Society,FCAS
Actuarial,Member of the American Academy of Actuaries,MAAA
Actuarial,Associate of the Conference of Consulting Actuaries,ACA
Actuarial,Fellow of the Conference of Consulting Actuaries,FCA
Actuarial,Enrolled Actuary,EA
"Architecture, interior design, landscape architecture and planning",Registered Architect,RA
"Architecture, interior design, landscape architecture and planning",Professional Landscape Architect,PLA
"Architecture, interior design, landscape architecture and planning",Professional Planner,PP
"Architecture, interior design, landscape architecture and planning",Registered Interior Designer,RID
"Architecture, interior design, landscape architecture and planning",National Council of Architectural Registration Boards Certified,NCARB
"Architecture, interior design, landscape architecture and planning",National Council for Interior Design Qualification Certified,NCIDQ
"Architecture, interior design, landscape architecture and planning",Association of Licensed Architects Member,ALA
"Architecture, interior design, landscape architecture and planning",Association of Licensed Architects Fellow,FALA
"Architecture, interior design, landscape architecture and planning",American Institute of Architects Member,AIA
"Architecture, interior design, landscape architecture and planning",American College of Healthcare Architects,ACHA
"Architecture, interior design, landscape architecture and planning",American College of Healthcare Architects Fellow,FACHA
"Architecture, interior design, landscape architecture and planning",American Institute of Architects Fellow,FAIA
"Architecture, interior design, landscape architecture and planning",American Institute of Certified Planners,AICP
"Architecture, interior design, landscape architecture and planning",American Society of Interior Designers Member,ASID
"Architecture, interior design, landscape architecture and planning",American Society of Interior Designers Fellow,FASID
"Architecture, interior design, landscape architecture and planning",Council of Educators in Landscape Architecture Member,CELA
"Architecture, interior design, landscape architecture and planning",Council of Educators in Landscape Architecture Fellow,FCELA
"Architecture, interior design, landscape architecture and planning",American Society of Landscape Architects Member,ASLA
"Architecture, interior design, landscape architecture and planning",American Society of Landscape Architects Fellow,FASLA
"Architecture, interior design, landscape architecture and planning",American Institute of Certified Planners Member,AICP
"Architecture, interior design, landscape architecture and planning",American Institute of Certified Planners Fellow,FAICP
"Architecture, interior design, landscape architecture and planning",Leadership in Energy and Environmental Design Accredited Professional,LEED AP
"Architecture, interior design, landscape architecture and planning",Construction Specification Institute Member,CSI
"Architecture, interior design, landscape architecture and planning",Construction Document Technologist,CDT
"Architecture, interior design, landscape architecture and planning",Certified Construction Contract Administrator,CCCA
"Architecture, interior design, landscape architecture and planning",Certified Construction Specifier,CCS
"Architecture, interior design, landscape architecture and planning",Certified Construction Product Representative,CCPR
"Architecture, interior design, landscape architecture and planning",WELL Accredited Professional,WELL AP
"Association, credentialing, and not-for-profit management",Certified Association Executive,CAE
"Association, credentialing, and not-for-profit management",Advanced Certification Administrator,ACA
"Association, credentialing, and not-for-profit management",Basic Certification Administrator,BCA
"Association, credentialing, and not-for-profit management",Certified Fundraising Executive,CFRE [2]
"Association, credentialing, and not-for-profit management",Certified Nonprofit Professional,CNP [3]
Broadcast engineering,Certified Radio Operator,CRO
Broadcast engineering,Certified Television Operator,CTO
Broadcast engineering,Certified Broadcast Networking Technologist,CBNT
Broadcast engineering,Certified Broadcast Technologist,CBT
Broadcast engineering,Certified Audio Engineer,CEA
Broadcast engineering,Certified Broadcast Television Engineer,CBTE
Broadcast engineering,Certified Broadcast Networking Engineer,CBNE
Broadcast engineering,Certified Senior Broadcast Radio Engineer,CSRE
Broadcast engineering,Certified Senior Broadcast Television Engineer,CSTE
Broadcast engineering,Certified Professional Broadcast Engineer,CPBE
Broadcast engineering,Certified 8-VSB Specialist,8-VSB
Broadcast engineering,Certified AM Directional Specialist,AMD
Broadcast engineering,Certified Digital Radio Broadcast Specialist,DRB
Broadcast engineering,Certified Senior Broadcast Engineer,CSBE
Broadcast engineering,Certified Radio and Television Broadcast Engineer,CBRTE
Broadcast engineering,Certified Senior Radio and Television Broadcast Engineer,CSRTE
Communications,Accredited Business Communicator,ABC
Communications,Certified Cooperative Communicator,CCC
Communications,Certified Speaking Professional,CSP
Communications,Communication Management Professional,CMP
Communications,Strategic Communication Management Professional,SCMP
Contract management,Certified Commercial Contract Manager,CCCM
Contract management,Contract and Commercial Management Certification,CCM
Contract management,Certified Federal Contract Manager,CFCM
Contract management,Certified Professional Contract Manager,CPCM
Contract management,Defense Acquisition Workforce Improvement Act Contracting Certification,DAWIA Contracting Certification
Contract management,Federal Acquisition Certification in Contracting,FAC-C
Contract management,Industry Certification in Contract Management - Defense,ICCM-D
Contract management,Industry Certification in Contract Management - Federal,ICCM-F
Economics,Member of the International Association for Energy Economics,IAEE
Economics,Member of the Global Association of Economics Education,GAEE[15]
Emergency management and public safety,Certified Emergency Manager,CEM
Emergency management and public safety,Associate Emergency Manager,AEM
Emergency management and public safety,Certified Floodplain Manager,CFM
Emergency management and public safety,Chief Fire Officer,CFO
Emergency management and public safety,Fellow of the Academy of Emergency Management,FAcEM
Emergency management and public safety,Executive Fire Officer,EFO
Emergency management and public safety,Emergency Number Professional,ENP
Emergency management and public safety,Master Exercise Practitioner,
Emergency management and public safety,Registered Public-Safety Leader,RPL
Emergency management and public safety,Certified Public-Safety Executive,CPE
Emergency management and public safety,Certified Fire Executive,CFE
Emergency management and public safety,,
Emergency management and public safety,National Crime Prevention Specialist,NCPS
Emergency management and public safety,Fire Marshal,FM
Emergency management and public safety,Chief EMS Officer,CEMSO
Emergency management and public safety,Chief Training Officer,CTO
Emergency management and public safety,Fire Officer,FO
Engineering,Certified Energy Manager,CEM
Engineering,Professional Engineer,PE
Engineering,Certified Sales Engineer,CSE
Engineering,Master of Engineering Management,MEM
Engineering,Model Law Engineer,MLE
Engineering,Model Law Structural Engineer,MLSE
Engineering,Structural Engineer,SE
Engineering,Structural Engineering Certification Board,SECB
Engineering,Engineer Intern,EI
Engineering,Engineer-in-Training,EIT
Engineering,National Institute For Certification In Engineering Technologies,NICET I/II/III/IV
Engineering,Certified Engineering Technician,CET
Engineering,Member of the National Academy of Engineering,MNAE
Engineering,Student Member of the Institute of Electrical and Electronics Engineers,StMIEEE
Engineering,Graduate Student Member of the Institute of Electrical and Electronics Engineers,GSMIEEE
Engineering,Associate Member of the Institute of Electrical and Electronics Engineers,AMIEEE
Engineering,Member of the Institute of Electrical and Electronics Engineers,MIEEE
Engineering,Senior Member of the Institute of Electrical and Electronics Engineers,SMIEEE
Engineering,Fellow of the Institute of Electrical and Electronics Engineers,FIEEE
Engineering,Senior Member of the Institute of Industrial Engineers,SIIE
Engineering,Certified Drafter,CD
Genealogy,Certified Genealogist,CG
Genealogy,Certified Genealogical Lecturer,CGL
"Geology, soil science, and other earth sciences",Professional Geologist,PG
"Geology, soil science, and other earth sciences",Geologist-in-Training,GIT
"Geology, soil science, and other earth sciences",Certified Professional Geologist,CPG
"Geology, soil science, and other earth sciences",Professional Hydrologist,PH
"Geology, soil science, and other earth sciences",Associate Professional Soil Scientist,APSS
"Geology, soil science, and other earth sciences",Certified Professional Soil Classifier,CPSC
"Geology, soil science, and other earth sciences",Certified Professional Soil Scientist,CPSS
"Geology, soil science, and other earth sciences","Licensed Professional Soil Scientist, or similar",LPSS
Geospatial and surveying,Certified Photogrammetrist,CP
Geospatial and surveying,Geographic Information Systems Professional,GISP
Geospatial and surveying,Professional Land Surveyor,PLS
Geospatial and surveying,Surveying Intern,SI
Geospatial and surveying,Model Law Surveyor,MLS
Geospatial and surveying,Professional Surveyor & Mapper,PSM
Geospatial and surveying,Registered Land Surveyor,RLS
Geospatial and surveying,Land Surveyor Intern,LSI
Geospatial and surveying,Land Surveyor-in-Training,LSIT
Geospatial and surveying,Certified Federal Surveyor,CFedS
Government,Certified Environmental Authority Supervisor,CEAS
Government,Credentialed Manager,CM
Government,Certified Municipal Clerk,CMC
Government,Certified Municipal Finance Officer,CMFO
Government,Certified Public Manager,CPM
Government,Certified Public Works Manager (NJ),CPWM
Government,Certified Tax Assessor (NJ),CTA
Government,Certified Tax Collector (NJ),CTC
Government,Professional County Collector,PCC
Government,Qualified Purchasing Agent (NJ),QPA
Government,Registered Municipal Accountant,RMA
Government,Registered Municipal Clerk (NJ),RMC
Government,Registered Public Purchasing Official (NJ),RPPO
Government,Registered Public Purchasing Specialist (NJ),RPPS
"Hospitality, tourism and recreation",Designated Aquatics Professional,AqP
"Hospitality, tourism and recreation",Certified Meeting Professional,CMP
"Hospitality, tourism and recreation",Certified in Exhibition Management,CEM
"Hospitality, tourism and recreation",Certified Hospitality Digital Marketer,CHDM
"Hospitality, tourism and recreation",Certified Revenue Management Executive,CRME
"Hospitality, tourism and recreation",Certified in Hospitality Business Acumen,CHBA
"Hospitality, tourism and recreation",Certified in Hospitality Sales Competences,CHSC
"Hospitality, tourism and recreation",Certified Hospitality Sales Executive,CHSE
"Hospitality, tourism and recreation",Certified Guest Service Professional,CGSP
"Hospitality, tourism and recreation",Certified Hospitality Administrator,CHA
"Hospitality, tourism and recreation",Certified Hospitality Educator,CHE
"Hospitality, tourism and recreation",Certified Hospitality Instructor,CHI
"Hospitality, tourism and recreation",Certified Room Division Executive,CRDE
"Hospitality, tourism and recreation",Certified Hospitality Revenue Manager,CHRM
"Hospitality, tourism and recreation",Certified Lodging Security Director,CLSD
"Hospitality, tourism and recreation",Certified Interpretive Guide,CIG
"Hospitality, tourism and recreation",Certified Park & Recreation Professional,CPRP
"Hospitality, tourism and recreation",Certified Park & Recreation Executive,CPRE
"Hospitality, tourism and recreation",Certified Playground Safety Inspector,CPSI
"Hospitality, tourism and recreation",Certified Specialist of Spirits,CSS
"Hospitality, tourism and recreation",Certified Specialist of Wine,CSW
"Hospitality, tourism and recreation",Certified Spirits Educator,CSE
"Hospitality, tourism and recreation",Certified Youth Sports Administrator,CYSA
"Hospitality, tourism and recreation",Certified Wedding and Event Planner,CWEP
"Hospitality, tourism and recreation",Certified Wedding Planner,CWP
"Hospitality, tourism and recreation",Certified Wine Educator,CWE
"Hospitality, tourism and recreation",Master Sommelier,MS
Human resources professions,SHRM Certified Professional,SHRM-CP
Human resources professions,SHRM Senior Certified Professional,SHRM-SCP
Human resources professions,Certified Benefits Professional,CBP
Human resources professions,Certified Compensation Professional,CCP
Human resources professions,Global Remuneration Professional,GRP
Human resources professions,Associate Professional in Human Resources,aPHR
Human resources professions,Professional in Human Resources,PHR
Human resources professions,Professional in Human Resources – California,PHRca
Human resources professions,Senior Professional in Human Resources,SPHR
Human resources professions,Global Professional in Human Resources,GPHR
Human resources professions,Certified Employee Benefits Specialist,CEBS
Human resources professions,Group Benefits Associate,GBA
Human resources professions,Compensation Management Specialist,CMS
Human resources professions,Retirement Plans Associate,RPA
Human resources professions,Certification in Volunteer Administration,CVA
Human resources professions,Certified in Conflict Manager,CCM
IT industry,Certified Computer Examiner,CCE
IT industry,Certified Digital Marketing Professional,CDMP
IT industry,Certified Green IT Professional,IFGICT
IT industry,Certified Chief Information Security Officer,CCISO
IT industry,Certified Ethical Hacker,CEH
IT industry,Certified Forensic Computer Examiner,CFCE
IT industry,CyberSec First Responder,CFR
IT industry,Certified Information Professional,CIP
IT industry,Certified Information Systems Auditor,CISA
IT industry,Certified Information Security Manager,CISM
IT industry,Certified Information Systems Security Professional,CISSP
IT industry,Certified Network Professional,CNP
IT industry,Certified in Risk and Information Systems Control,CRISC
IT industry,Certified Scrum Master,CSM
IT industry,Certified Scrum Professional,CSP
IT industry,Certified Scrum Product Owner,CSPO
IT industry,Certified Speaking Professional,CSP
IT industry,Certified Secure Computer User,CSCU
IT industry,Certified Secure Software Lifecycle Professional,CSSLP
IT industry,Certified Software Tester,CSTE
IT industry,Certified Technology Specialist,CTS
IT industry,Certified Virtualization Professional,CVP
IT industry,Certified Wireless Network Administrator,CWNA
IT industry,Certified Wireless Analysis Professional,CWAP
IT industry,Certified Wireless Design Professional,CWDP
IT industry,Certified Wireless Security Professional,CWSP
IT industry,Certified Wireless Network Expert,CWNE
IT industry,Comptia Advanced Security Practitioner,CASP
IT industry,Cisco Certified DevNet Associate,CCDevA
IT industry,Cisco Certified DevNet Professional,CCDevP
IT industry,Cisco Certified Network Associate,CCNA
IT industry,Cisco Certified Network Professional,CCNP
IT industry,Cisco Certified Internetworking Expert,CCIE
IT industry,CyberSAFE,CBS
IT industry,Cyber Secure Coder,CSC
IT industry,Certified Usability Analyst,CUA
IT industry,Certified User Experience Analyst,CXA
IT industry,IT Infrastructure Library Certified,ITIL
IT industry,Lean IT Kaizen,LITK
IT industry,Lean IT Leadership,LITL
IT industry,Lean IT Professional,LITP
IT industry,Master of Library and Information Science,MLIS
IT industry,Master Mobile Application Developer,MMAD
IT industry,Master of Mobile Application Security,MMAS
IT industry,Microsoft Certified Database Administrator,MCDBA
IT industry,Microsoft Certified Professional,MCP
IT industry,Microsoft Certified Professional Developer,MCPD
IT industry,Microsoft Certified Solutions Associate,MCSA
IT industry,Microsoft Certified Solutions Developer,MCSD
IT industry,Microsoft Certified Solutions Expert,MCSE
IT industry,Microsoft Certified Systems Administrator,MCSA
IT industry,Microsoft Certified Systems Engineer,MCSE
IT industry,Microsoft Certified Trainer,MCT
IT industry,Modern Certified Classroom Trainer,MCCT
IT industry,Offensive Security Certified Professional,OSCP
IT industry,Oracle Certified Associate,OCA
IT industry,Oracle Certified Professional,OCP
IT industry,Oracle Certified Master,OCM
IT industry,PMI Agile Certified Practitioner,PMI-ACP
IT industry,Professional Scrum Master I,PSM I
IT industry,Professional Scrum Master II,PSM II
IT industry,Professional Scrum Master III,PSM II
IT industry,Red Hat Certified Architect,RHCA
IT industry,SAFe Agilist,SA
IT industry,SAFe Advanced Scrum Masters,SASM
IT industry,Training from the BACK of the Room Certified Trainer,TBR-CT
IT industry,User Experience Certification,UXC
IT industry,User Experience Master Certification,UXMC
IT industry,VMware Certified Professional,VCP
Law,Juris Doctor,J.D.
Law,Doctor of Jurisprudence,D.Jur. or J.D.
Law,Master of Laws,LL.M.
Law,Bachelor of Civil Law,BCL
Law,Esquire,Esq.
Law,Justice of the Peace,J.P.
Law,Notary Public,N.P.[25]
Law,Board Certified Civil Trial Attorney,
Law,Board Certified Criminal Trial Attorney,
Law,Board Certified Family Law Attorney,
Law,Certified Legal Assistant,CLA
Law,Certified Paralegal,CP
Law,Advanced Certified Paralegal,ACP
Law,Accredited Legal Professional,ALP
Law,Professional Legal Secretary,PLS
Law,Professional Paralegal,PP
Law,Registered Paralegal,RP
Law,CORE Registered Paralegal,CRP
Law,Indiana Registered Paralegal,IRP
Law,North Carolina State Bar Certified Paralegal,NCCP
Law,South Carolina Certified Paralegal,SCCP
"Supply chain, logistics and transportation",Certified Professional Logistician,CPL
"Supply chain, logistics and transportation",Certified in Production & Inventory Management,CPIM
"Supply chain, logistics and transportation",Certified Supply Chain Professional,CSCP
"Supply chain, logistics and transportation",Certified Transportation Professional,CTP
"Supply chain, logistics and transportation",Master Tower®,CMT
"Supply chain, logistics and transportation",Heavy Recovery Specialist®,HRS
"Supply chain, logistics and transportation",Nationally Certified Tow Operator®,NCTO
"Supply chain, logistics and transportation","Certified in Logistics, Transportation and Distribution",CLTD
"Supply chain, logistics and transportation",Airline Transport Pilot,ATP
"Supply chain, logistics and transportation",Commercial Pilot,CP
"Supply chain, logistics and transportation",Certificated Flight Instructor,CFI
Medicine and health care,American Board of Professional Psychology,ABPP
Medicine and health care,Basic Life Support Instructor,BLS-I
Medicine and health care,Certified Genetic Counselor,CGC
Medicine and health care,Certified Nursing Assistant,CNA
Medicine and health care,Certified Health Education Specialist,CHES
Medicine and health care,Credentialed Professional Gerontologist,CPG
Medicine and health care,Master Certified Health Education Specialist,MCHES
Medicine and health care,Master of Public Health,MPH
Medicine and health care,Master of Health Informatics,MHI
Medicine and health care,Certified Director of Assisted Living,CDAL
Medicine and health care,Certified Healthcare Simulation Educator,CHSE
Medicine and health care,Certified Healthcare Simulation Educator (Advanced),CHSE-A
Medicine and health care,Certified Healthcare Simulation Operations Specialist,CHSOS
Medicine and health care,Certified HIPAA Privacy Associate,CHPA
Medicine and health care,Certified HIPAA Privacy Expert,CHPE
Medicine and health care,Certified HIPAA Privacy Security Expert,CHPSE
Medicine and health care,Certified HIPAA Professional,CHP
Medicine and health care,Certified Professional in Infection Control,CIC
Medicine and health care,Certified Hospice and Palliative Licensed Nurse,CHPLN
Medicine and health care,Certified HIPAA Security Expert,CHSE
Medicine and health care,Certified HIPAA Security Specialist,CHSS
Medicine and health care,Certified Tissue Banking Specialist,CTBS
Medicine and health care,Certified Veterinary Assistant,CVA[29]
Medicine and health care,"Certified Wound, Ostomy, and Continence Nurse","CWOCN, CWCN, COCN, CCCN, or CWON"
Medicine and health care,Doctor of Veterinary Medicine,DVM
Medicine and health care,Diplomate of the American College of Veterinary Internal Medicine,DACVIM
Medicine and health care,Doctor of Chiropractic,DC
Medicine and health care,Doctor of Dental Surgery,D.D.S. or DDS
Medicine and health care,Doctor of Psychology,Psy.D. or PsyD
Medicine and health care,Dentariae Medicinae Doctoris (Doctor of Dental Medicine),D.M.D. or DMD
Medicine and health care,Doctor of Medicine,M.D. or MD
Medicine and health care,Doctor of Nursing Practice,DNP
Medicine and health care,Doctor of Occupational Therapy,OTD
Medicine and health care,Doctor of Optometry,OD
Medicine and health care,Doctor of Osteopathic Medicine,D.O. or DO
Medicine and health care,Doctor of Physical Therapy,DPT
Medicine and health care,Doctor of Podiatric Medicine,D.P.M.
Medicine and health care,Emergency Medical Dispatcher,EMD
Medicine and health care,National Board for Certification in Hearing Instrument Sciences,NBC-HIS
Medicine and health care,"Nationally Registered Emergency Medical Responder (Begin January 1, 2012)",NREMR
Medicine and health care,"Emergency Medical Technician - Basic (End December 31, 2011)",EMT-B
Medicine and health care,"Nationally Registered Emergency Medical Technician (Begin January 1, 2012)",NREMT
Medicine and health care,"Emergency Medical Technician – Intermediate/85 (End March 31, 2013)",EMT-I/85
Medicine and health care,"Emergency Medical Technician – Intermediate/99 (End December 31, 2013)",EMT-I/99
Medicine and health care,"Nationally Registered Advanced Emergency Medical Technician (Begin June 1, 2011)",NRAEMT
Medicine and health care,"Emergency Medical Technician - Paramedic (End December 31, 2012)",EMT-P
Medicine and health care,"Nationally Registered Paramedic (Begin January 1, 2013)",NRP
Medicine and health care,Board Certified Critical Care Paramedic,CCP-C
Medicine and health care,Board Certified Flight Paramedic,FP-C
Medicine and health care,Board Certified Community Paramedic,CP-C
Medicine and health care,Mobile Intensive Care Paramedic (Alaska),MICP
Medicine and health care,Licensed Paramedic (Texas),LP
Medicine and health care,,
Medicine and health care,,
Medicine and health care,Licensed Practical Nurse (much of U.S.),LPN
Medicine and health care,Licensed Vocational Nurse (California and Texas),LVN
Medicine and health care,Registered Nurse,RN
Medicine and health care,,
Medicine and health care,Advanced Practice Nurse,APN
Medicine and health care,Advanced Practice Registered Nurse,APRN
Medicine and health care,Certified Massage Therapist,CMT
Medicine and health care,Licensed Massage Therapist,LMT
Medicine and health care,,
Medicine and health care,Licensed Clinical Massage Therapist,LCMT
Medicine and health care,,
Medicine and health care,,
Medicine and health care,Certified Traditional/Non-traditional Reiki Master,RM
Medicine and health care,Licensed Midwife,LM
Medicine and health care,Certified Midwife,CM
Medicine and health care,,
Medicine and health care,,
Medicine and health care,Certified Professional Midwife,CPM
Medicine and health care,Certified Nurse-Midwife,CNM
Medicine and health care,,
Medicine and health care,,
Medicine and health care,Certified Registered Nurse Anesthetist,CRNA
Medicine and health care,,
Medicine and health care,,
Medicine and health care,Nurse Practitioner,NP
Medicine and health care,Marine Physician Assistant,MPA
Medicine and health care,Music Therapist- Board Certified,MT-BC
Medicine and health care,Occupational Therapist,OT
Medicine and health care,Certified Occupational Therapy Assistant,COTA
Medicine and health care,Physician Assistant,PA-C
Medicine and health care,Registered Veterinary Technician,RVT
Medicine and health care,Physical Therapist,PT
Medicine and health care,Physical Therapy Assistant,PTA
Medicine and health care,Certified in Public Health,CPH
Medicine and health care,Medical Laboratory Scientist,MLS
Medicine and health care,Medical Technologist,MT
Medicine and health care,Medical Laboratory Technician,MLT
Medicine and health care,Licensed Professional Counselor,LPC or LCPC
Medicine and health care,Licensed Associate Counselor,LAC
Medicine and health care,Licensed Master Social Worker,LMSW
Medicine and health care,Licensed Clinical Social Worker,LCSW
Medicine and health care,Traumatic Event Manager,TEM
Medicine and health care,Licensed Veterinary Technician,LVT
Medicine and health care,Qualified Clinical Social Worker,QCSW
Medicine and health care,Certified Tissue Bank Specialist,CTBS
Medicine and health care,Certified Hypnotherapist,CHt
Medicine and health care,Certified Handwriting Analyst,CHA
Medicine and health care,Certified Advanced Handwriting Analyst,CAHA
Medicine and health care,National Board Certified Clinical Hypnotherapist,NBCCH
Medicine and health care,National Board Certified Clinical Hypnotherapist in Public Service,NBCCH-PS
Medicine and health care,National Board Certified Diplomate in Clinical Hypnotherapy,NBCDCH
Medicine and health care,National Board Certified Diplomate in Clinical Hypnotherapy in Public Service,NBCDCH-PS
Medicine and health care,National Board Certified Fellow in Clinical Hypnotherapy,NBCFCH
Medicine and health care,National Board Certified Fellow in Clinical Hypnotherapy in Public Service,NBCFCH-PS
Medicine and health care,Licensed Acupuncturist,L.Ac.
Medicine and health care,Diplomate in Acupuncture,Dipl.Ac.
Medicine and health care,Diplomate in Oriental Medicine,Dipl.O.M.
Medicine and health care,Diplomate of the American Board of Family Medicine,DABFM
Medicine and health care,Diplomate of the American Board of Venous & Lymphatic Medicine,DABVLM
Medicine and health care,Fellow of the American Academy of Family Physicians,FAAFP
Medicine and health care,Fellow of the American Society for Parenteral and Enteral Nutrition,FASPEN
Medicine and health care,American Geriatrics Society Fellow,AGSF
Medicine and health care,Fellow of the American Academy of Neurology,FAAN
Medicine and health care,Fellow of the American Society of Health-System Pharmacists,FASHP
Medicine and health care,Fellow of the American College of Emergency Physicians,FACEP
Medicine and health care,Fellow of the Aerospace Medical Association,FAsMA
Medicine and health care,Associate Fellow of the Aerospace Medical Association,AFAsMA
Medicine and health care,Certified Aerospace Physiologist,CAsP
Medicine and health care,Aviation Medical Examiner,AME
Medicine and health care,Senior Aviation Medical Examiner,SAME
Medicine and health care,Fellow of the American Academy of Pediatrics,FAAP
Medicine and health care,Fellow of the American College of Cardiology,FACC
Medicine and health care,Fellow of the American College of Dentists,FACD
Medicine and health care,Fellow of the American College of Endocrinology,FACE
Medicine and health care,Fellow of the American College of Physicians,FACP
Medicine and health care,Fellow of the American Vein & Lymphatic Society (formerly American College of Phlebology),FACPh
Medicine and health care,Fellow of the American College of Surgeons,FACS
Medicine and health care,Fellow of the American College of Osteopathic Family Physicians,FACOFP
Medicine and health care,Fellow of the American Congress of Obstetricians and Gynecologists,FACOG
Medicine and health care,Fellow of the Health Advocacy and Medical Exploration Society,FHAMES
Medicine and health care,Doctor of Pharmacy,PharmD
Medicine and health care,Certified Pharmacy Technician,CPhT
Medicine and health care,Registered Pharmacist,R.Ph. or RPh
Medicine and health care,Registered Respiratory Therapist,RRT
Medicine and health care,"Registered Respiratory Therapist, Neonatal & Pediatric Specialist",RRT-NPS
Medicine and health care,"Registered Respiratory Therapist, Sleep Disorder Specialist",RRT-SDS
Medicine and health care,"Registered Respiratory Therapist, Adult Critical Care Specialist",RRT-ACCS
Medicine and health care,Respiratory practitioner,"RP, RCP"
Medicine and health care,Certified Respiratory Therapy Technician,CRTT
Medicine and health care,Certified Respiratory Therapist,CRT
Medicine and health care,Certified Phlebotomy Technician,CPT
Medicine and health care,Certified Personal Trainer,CPT
Medicine and health care,Certified Athletic trainer,ATC
Medicine and health care,,
Medicine and health care,Certified Medical Assistant,CMA
Medicine and health care,"Nutrition and Dietetics Technician, Registered","NDTR, DTR"
Medicine and health care,Registered Dental Hygienist,RDH
Medicine and health care,,
Medicine and health care,Registered Dietitian/Nutritionist,"RD, RDN"
Medicine and health care,Registered Diagnostic Medical Sonographer,RDMS
Medicine and health care,Registered Vascular Technologist,RVT
Medicine and health care,Registered Diagnostic Cardiac Sonographer,RDCS
Medicine and health care,Registered Musculoskeletal Sonographer,RMSKS
Military,United States Army,USA
Military,United States Army Reserve,USAR
Military,United States Navy,USN
Military,United States Navy Reserve,USNR
Military,United States Air Force,USAF
Military,United States Marine Corps,USMC
Military,United States Coast Guard,USCG
Military,United States Coast Guard Auxiliary,USCGA
Military,Retired,(Ret.)
Military,Veteran,(Vet.)
Real estate,Member of the Appraisal Institute,MAI
Real estate,Senior Residential Appraiser,SRA
Real estate,Accredited Member,AM
Real estate,Accredited Senior Appraiser,ASA
Real estate,Assessment Administration Specialist,AAS
Real estate,Certified Assessment Evaluator,CAE
Real estate,Cadastral Mapping Specialist,CMS
Real estate,Personal Property Specialist,PPS
Real estate,Residential Evaluation Specialist,RES
Real estate,Master in Residential Marketing ,MIRM
Real estate,Certified Green Professional,CGP
Real estate,Certified Graduate Builder,CGB
Real estate,Certified Graduate Associate,CGA
Real estate,Master Certified New Home Sales Professional,Master CSP
Real estate,Certified Aging-in-Place Specialist,CAPS
Real estate,Certified New Home Marketing Professional,CMP
Real estate,Housing Credit Certified Professional,HCCP
Real estate,Certified New Home Sales Professional,CSP
Real estate,Graduate Master Remodeler,GMR
Real estate,Graduate Master Builder,GMB
Real estate,Certified Graduate Remodeler,CGR
Real estate,Facilities Management Professional,FMP
Real estate,Sustainability Facility Professional,SFP
Real estate,Certified Facilities Manager,CFM
Real estate,Accredited Buyer's Representative,ABR
Real estate,Graduate Realtor Institute,GRI
Real estate,Accredited Land Consultant,ALC
Real estate,Certified International Property Specialist,CIPS
Real estate,Certified Property Manager,CPM
Real estate,Certified Commercial Investment Member,CCIM
Real estate,Certified Corporate Housing Professional,CCHP
Real estate,Member of the National Association of Appraisers,MNAA
Real estate,General Appraiser,MRA
Real estate,Residential Appraiser,RA
Religion and theology,Doctor of Divinity,DD
Religion and theology,Doctor of Theology,ThD
Religion and theology,Doctor of Ministry,DMin
Religion and theology,Master of Theology,ThM
Religion and theology,Master of Divinity,MDiv
Religion and theology,Master of Theological Studies,MTS
Religion and theology,Certified Church Business Administrator,CCA
Religion and theology,Knight/Dame of the Equestrian Order of the Holy Sepulchre of Jerusalem,KHS/DHS
Religion and theology,Knight/Dame Commander of the Equestrian Order of the Holy Sepulchre of Jerusalem,KCHS/DCHS
Religion and theology,Knight/Dame Commander with Star of the Equestrian Order of the Holy Sepulchre of Jerusalem,KC*HS/DC*HS
Religion and theology,Knight/Dame Grand Cross of the Equestrian Order of the Holy Sepulchre of Jerusalem,GCHS
Telecommunications and cable,Broadband Installation Professional,BPI
Telecommunications and cable,Broadband Premises Technician,BPT
Telecommunications and cable,Broadband Premises Expert,BPE
Telecommunications and cable,Business Class Services Specialist,BCSS
Telecommunications and cable,Broadband Distribution Specialist,BDS
Telecommunications and cable,Broadband Transport Specialist,BTS
Telecommunications and cable,Broadband TelecomCenter Specialist,BTCS
Telecommunications and cable,DOCSIS® Engineering Professional,DEP
Telecommunications and cable,Digital Video Engineering Professional,DVEP
Telecommunications and cable,Internet Protocol Engineering Professional,IPEP
Workplace learning and performance,Certified Professional in Talent Development,CPTD
Workplace learning and performance,Associate Professional in Talent Development,APTD
Workplace learning and performance,Certified Performance Technologist,CPT
Other,Certified Energy Manager,CEM
Other,Certified Energy Auditor,CEA
Other,Certified At-Risk Adult Crime Tactics Specialist,CACTS
Other,Accredited Business Communicator,ABC
Other,Accredited in Public Relations,APR
Other,American Board Certified Teacher,ABCTE
Other,Associate Safety Professional,ASP
Other,Associate in Risk Management,ARM
Other,Associate Wildlife Biologist,AWB
Other,Certified Administrative Professional,CAP
Other,Certified Analytics Professional,CAP
Other,Certified Anti-Terrorism Specialist,CAS
Other,Certified Assistant Refrigeration Operator,CARO
Other,Certified Associate in Project Management,CAPM
Other,Certified Biological Safety Professional,CBSP
Other,Certified Broadcast Meteorologist,CBM or AMS
Other,Certified Cost Professional,CCP
Other,Certified Cost Technician,CST
Other,Certified Disability Specialist,CDS
Other,Certified E-Discovery Specialist,CEDS
Other,Certified Estimating Professional,CEP
Other,Certified Executive Pastry Chef,CEPC
Other,Certified Experience Analyst,CXA
Other,Certified Fire Protection Specialist,CFPS
Other,Certified Forensic Claims Consultant,CFCC
Other,Certified Forensic Interviewer,CFI
Other,Certified Hazardous Materials Manager,CHMM
Other,Certified Industrial Refrigeration Operator,CIRO
Other,Certified Manager,CM
Other,Certified Master Anti-Terrorism Specialist,CMAS
Other,Certified Modeling and Simulation Professional,CMSP
Other,Certified Professional in Accessibility Core Competencies,CPACC
Other,Certified Professional in Web Accessibility,CPWA
Other,Certified Professional Organizer,CPO
Other,Certified Professional Services Marketer,CPSM
Other,Certified Protection Professional,CPP
Other,Certified Protection Officer,CPO
Other,Certified in Security Supervision and Management,CSSM
Other,Certified Institutional Protection Specialist,CIPS
Other,Certified Visitor Relations Specialist,CVRS
Other,Certified Public Relations Counselor,CPRC
Other,Certified Safety Professional,CSP
Other,Certified Sales Engineer,CSE
Other,Certified Scheduling Technician,CST
Other,Certified Senior Advisor,CSA
Other,Certified Systems Engineering Professional,CSEP
Other,Certified Usability Analyst,CUA
Other,Certified Utility Safety Professional,CUSP
Other,Certified Wildlife Biologist,CWB
Other,Certified Youth Development Specialist,CYDS
Other,Civil Air Patrol,CAP
Other,Credentialed Advocate,CA
Other,Decision & Risk Management Professional,DRMP
Other,Distinguished Toastmaster,DTM
Other,Doctor of Management,D.M. or DM
Other,Doctor of Musical Arts,DMA or D.M.A.
Other,Doctor of Naturopathic Medicine,ND or NMD
Other,Doctor of Education,EdD or DEd
Other,Doctor of Philosophy,Ph.D.
Other,Doctor of Philosophy Candidate,ABD
Other,Doctor of Philosophy Candidate,Ph.C.
Other,Doctor of Public Health,DrPH or Dr.P.H.
Other,Doctorate of Strategic Security,DSS
Other,Earned Value Professional,EVP
Other,Editor in the Life Sciences,ELS
Other,Fellow of The Explorers Club,FEC
Other,Fellow of the Society of Decision Professionals,FSDP
Other,French Wine Scholar,FWS
Other,Investment Adviser Certified Compliance Professional,IACCP
Other,ISSP Sustainability Associate,ISSP-SA
Other,ISSP Certified Sustainability Professional,ISSP-CSP
Other,Licensed Funeral Director,FD
Other,Fellow of the National Speleological Society,FNSS
Other,Master of Arts,MA or M.A.
Other,Master Training Specialist,MTS or M.T.S.
Other,Master of Fine Arts,MFA or M.F.A.
Other,Master of Liberal Arts,MLS or M.L.S.
Other,Master of Library Science,MLS or M.L.S.
Other,Master of Music,MM or M.M.
Other,Master of Science,MS or M.S.
Other,Master of Business Administration,MBA or M.B.A.
Other,Master of Business and Science,MBS
Other,Master of Public Administration,MPA or M.P.A.
Other,Member of the ACE,ACE
Other,Member of the ASC,ASC
Other,Member of the CSA,CSA
Other,Member of the MPSE,MPSE
Other,Mobile Certified Marketer,MCM
Other,Multi Sport Athlete,MSA
Other,National Board Certified Teacher,NBCT
Other,Nationally Certified School Psychologist,NCSP
Other,NERC Certified System Operator,NCSO
Other,Planning & Scheduling Professional,PSP
Other,Producers Mark,PGA
Other,Portfolio Management Professional,PfMP
Other,Professional Certified Investigator,PCI
Other,Professional Manager Certification,PMC
Other,Program Management Professional,PgMP
Other,Project Management Professional,PMP
Other,Professional Science Masters,PSM
Other,Sports Industry Management,SIM
Other,Qualified SWPPP Designer,QSD
Other,Qualified SWPPP Practitioner,QSP
Other,Registered Business Analyst,RBA
Other,"Registered Construction Inspector (Division I,II,III, or IV)",RCI
Other,Registered Archaeologist,RA
Other,Registered Professional Archaeologist,RPA
Other,RETA Authorized Instructor,RAI
Other,Systems Security Certified Practitioner,SSCP
Other,Web Accessibility Specialist,WAS
