Construction Services,Industrial Arts & Consumer Services,,
Commercial Art And Graphic Design,Arts,,
Hospitality Management,Business,,
Cosmetology Services And Culinary Arts,Industrial Arts & Consumer Services,,
Communication Technologies,Computers & Mathematics,,
Court Reporting,Law & Public Policy,,
Marketing And Marketing Research,Business,,
Agriculture Production And Management,Agriculture & Natural Resources,,
Computer Programming And Data Processing,Computers & Mathematics,,
Advertising And Public Relations,Communications & Journalism,,
Film Video And Photographic Arts,Arts,,
"Electrical, Mechanical, And Precision Technologies And Production",Industrial Arts & Consumer Services,,
Mechanical Engineering Related Technologies,Engineering,,
Mass Media,Communications & Journalism,,
Transportation Sciences And Technologies,Industrial Arts & Consumer Services,,
Computer Networking And Telecommunications,Computers & Mathematics,,
Miscellaneous Business & Medical Administration,Business,,
Miscellaneous Engineering Technologies,Engineering,,
Industrial Production Technologies,Engineering,,
Miscellaneous Fine Arts,Arts,,
Criminal Justice And Fire Protection,Law & Public Policy,,
Business Management And Administration,Business,,
Criminology,Social Science,,
Management Information Systems And Statistics,Business,,
Computer Administration Management And Security,Computers & Mathematics,,
Operations Logistics And E-Commerce,Business,,
General Business,Business,,
Medical Technologies Technicians,Health,,
Computer And Information Systems,Computers & Mathematics,,
Communications,Communications & Journalism,,
Actuarial Science,Business,,
Electrical Engineering Technology,Engineering,,
Journalism,Communications & Journalism,,
Medical Assisting Services,Health,,
Engineering Technologies,Engineering,,
Accounting,Business,,
Fine Arts,Arts,,
Nursing,Health,,
Information Sciences,Computers & Mathematics,,
Architectural Engineering,Engineering,,
Multi/Interdisciplinary Studies,Interdisciplinary,,
"Nuclear, Industrial Radiology, And Biological Technologies",Physical Sciences,,
General Agriculture,Agriculture & Natural Resources,,
Forestry,Agriculture & Natural Resources,,
Liberal Arts,Humanities & Liberal Arts,,
Human Services And Community Organization,Psychology & Social Work,,
Visual And Performing Arts,Arts,,
Natural Resources Management,Agriculture & Natural Resources,,
Studio Arts,Arts,,
Family And Consumer Sciences,Industrial Arts & Consumer Services,,
Physical Fitness Parks Recreation And Leisure,Industrial Arts & Consumer Services,,
Finance,Business,,
Petroleum Engineering,Engineering,,
Plant Science And Agronomy,Agriculture & Natural Resources,,
Human Resources And Personnel Management,Business,,
International Business,Business,,
Composition And Rhetoric,Humanities & Liberal Arts,,
Drama And Theater Arts,Arts,,
Business Economics,Business,,
Engineering And Industrial Management,Engineering,,
Computer Science,Computers & Mathematics,,
Health And Medical Administrative Services,Health,,
Agricultural Economics,Agriculture & Natural Resources,,
Environmental Science,Biology & Life Science,,
Geography,Social Science,,
Miscellaneous Engineering,Engineering,,
Ecology,Biology & Life Science,,
Interdisciplinary Social Sciences,Social Science,,
Architecture,Engineering,,
Soil Science,Agriculture & Natural Resources,,
Pre-Law And Legal Studies,Law & Public Policy,,
General Engineering,Engineering,,
Multi-Disciplinary Or General Science,Physical Sciences,,
Civil Engineering,Engineering,,
Computer Engineering,Engineering,,
Mining And Mineral Engineering,Engineering,,
Early Childhood Education,Education,,
Sociology,Social Science,,
General Social Sciences,Social Science,,
Animal Sciences,Agriculture & Natural Resources,,
Treatment Therapy Professions,Health,,
Miscellaneous Agriculture,Agriculture & Natural Resources,,
Mechanical Engineering,Engineering,,
Humanities,Humanities & Liberal Arts,,
Food Science,Agriculture & Natural Resources,,
Industrial And Manufacturing Engineering,Engineering,,
Geological And Geophysical Engineering,Engineering,,
Social Psychology,Psychology & Social Work,,
Naval Architecture And Marine Engineering,Engineering,,
Mathematics And Computer Science,Computers & Mathematics,,
Art History And Criticism,Humanities & Liberal Arts,,
Miscellaneous Health Medical Professions,Health,,
General Medical And Health Services,Health,,
Intercultural And International Studies,Humanities & Liberal Arts,,
Nutrition Sciences,Health,,
Economics,Social Science,,
Physical And Health Education Teaching,Education,,
Community And Public Health,Health,,
Electrical Engineering,Engineering,,
Theology And Religious Vocations,Humanities & Liberal Arts,,
Oceanography,Physical Sciences,,
Miscellaneous Education,Education,,
Biological Engineering,Engineering,,
Public Administration,Law & Public Policy,,
Elementary Education,Education,,
Industrial And Organizational Psychology,Psychology & Social Work,,
Military Technologies,Industrial Arts & Consumer Services,,
General Education,Education,,
Music,Arts,,
Art And Music Education,Education,,
Linguistics And Comparative Language And Literature,Humanities & Liberal Arts,,
Materials Engineering And Materials Science,Engineering,,
Anthropology And Archeology,Humanities & Liberal Arts,,
Social Work,Psychology & Social Work,,
English Language And Literature,Humanities & Liberal Arts,,
Teacher Education: Multiple Levels,Education,,
Geology And Earth Science,Physical Sciences,,
Pharmacy Pharmaceutical Sciences And Administration,Health,,
Other Foreign Languages,Humanities & Liberal Arts,,
Psychology,Psychology & Social Work,,
Area Ethnic And Civilization Studies,Humanities & Liberal Arts,,
Physical Sciences,Physical Sciences,,
Atmospheric Sciences And Meteorology,Physical Sciences,,
Chemical Engineering,Engineering,,
Aerospace Engineering,Engineering,,
History,Humanities & Liberal Arts,,
Miscellaneous Social Sciences,Social Science,,
Applied Mathematics,Computers & Mathematics,,
Statistics And Decision Science,Computers & Mathematics,,
French German Latin And Other Common Foreign Language Studies,Humanities & Liberal Arts,,
Social Science Or History Teacher Education,Education,,
Mathematics,Computers & Mathematics,,
Political Science And Government,Social Science,,
International Relations,Social Science,,
Environmental Engineering,Engineering,,
Miscellaneous Biology,Biology & Life Science,,
Miscellaneous Psychology,Psychology & Social Work,,
Metallurgical Engineering,Engineering,,
Secondary Teacher Education,Education,,
Geosciences,Physical Sciences,,
United States History,Humanities & Liberal Arts,,
Engineering Mechanics Physics And Science,Engineering,,
Cognitive Science And Biopsychology,Biology & Life Science,,
Language And Drama Education,Education,,
Nuclear Engineering,Engineering,,
Public Policy,Law & Public Policy,,
Mathematics Teacher Education,Education,,
Science And Computer Teacher Education,Education,,
Microbiology,Biology & Life Science,,
Philosophy And Religious Studies,Humanities & Liberal Arts,,
Special Needs Education,Education,,
Botany,Biology & Life Science,,
Biology,Biology & Life Science,,
Astronomy And Astrophysics,Physical Sciences,,
Chemistry,Physical Sciences,,
Physiology,Biology & Life Science,,
Biomedical Engineering,Engineering,,
Library Science,Education,,
Molecular Biology,Biology & Life Science,,
Pharmacology,Biology & Life Science,,
Zoology,Biology & Life Science,,
Physics,Physical Sciences,,
Neuroscience,Biology & Life Science,,
Educational Psychology,Psychology & Social Work,,
Biochemical Sciences,Biology & Life Science,,
Genetics,Biology & Life Science,,
Materials Science,Engineering,,
Communication Disorders Sciences And Services,Health,,
Counseling Psychology,Psychology & Social Work,,
Clinical Psychology,Psychology & Social Work,,
Health And Medical Preparatory Programs,Health,,
School Student Counseling,Education,,
Educational Administration And Supervision,Education,,
